NO.,Compound,Smiles,RON,MON,YSI,?Hc°(KJ/L),?Hc°(KJ/kg),RVP(kPa),Density (g/mL),Boiling Point (K)
1,"2,4-Dimethylpentane",CC(C)CC(C)C,86.31722162,85.29243283,18.9641474,29749.93551,44193.53819,20.16366064,0.673173879,349.6899121
2,Heptane,CCCCCCC,2.100057728,5.788349338,15.4920682,30434.0191,44842.40477,13.17900193,0.678688381,365.9244034
3,"2,2,3-Trimethylbutane",CC(C)(C)C(C)C,106.3808394,100.7893455,31.33223059,29928.10179,44024.11931,27.54254546,0.679811482,352.2737381
4,"3,3-Dimethylpentane",CCC(C)(C)CC,88.93513016,91.98995867,18.10594387,30283.40019,44476.16394,22.83393278,0.68089056,357.4088457
5,"2,3-Dimethylpentane",CC(C)C(C)CC,88.75300065,87.96468304,24.65770723,29868.56685,44073.29329,17.49814896,0.677702178,353.8309579
6,3-Methylhexane,CCC(C)CCC,52.16916027,61.95158563,17.53132469,30361.12278,44560.74987,10.98215387,0.681342277,360.4468525
7,"2,2-Dimethylpentane",CC(C)(C)CCC,89.74905693,89.13388188,22.79273056,30453.0113,44624.69862,26.31268397,0.68242503,354.8640518
8,2-Methylhexane,CC(C)CCCC,54.13653513,53.70235238,16.07754385,30275.7041,44523.51621,11.9471569,0.679993556,359.9750601
9,3-Ethylpentane,CCC(CC)CC,55.88975665,66.18899824,10.88489358,30088.609,44470.58526,12.13421938,0.67659575,359.0390012
10,Methylcyclohexane,CC1CCCCC1,71.01695614,68.96624767,36.86513069,33821.6648,43478.46804,8.098916668,0.777894584,375.1414203
11,Cycloheptane,C1CCCCCC1,64.66203023,54.91974086,28.91345837,34937.7171,43259.41705,5.097314305,0.807632638,379.8303233
12,1-Heptene,C=CCCCCC,52.64468976,49.64137591,19.08317301,31058.07314,44943.53287,12.86394919,0.691046546,370.4636376
13,2-Heptene,CC=CCCCC,77.36886311,57.38033198,36.43191647,30913.01896,44273.93807,11.56349994,0.698221579,369.6493371
14,3-Heptene,CCC=CCCC,81.78048682,72.6514287,33.90128369,30933.19368,44216.88197,11.4644914,0.69957881,369.127638
15,"2,3,3-Trimethyl-1-butene",C=C(C)C(C)(C)C,106.9461764,89.91094623,69.61783672,31524.89336,43876.0944,30.81153679,0.718498166,363.9147466
16,"2,4-Dimethyl-2-pentene",CC(C)=CC(C)C,89.4562786,83.33855762,58.66733758,31197.26937,44073.58711,18.54922473,0.707845025,359.9151811
17,"4,4-Dimethylpent-2-ene",CC=CC(C)(C)C,106.5739347,91.23924453,59.80793871,30625.71077,43818.79928,24.42216336,0.698917161,359.9544065
18,"4,4-Dimethyl-1-pentene",C=CCC(C)(C)C,106.723894,90.32819861,36.20128402,30146.01809,43576.5466,36.13451789,0.691794565,356.8124897
19,3-Ethyl-2-pentene,CC=C(CC)CC,92.89367167,81.75939988,61.09075936,31052.9653,44279.63842,10.46288773,0.701292206,366.5594151
20,"Cyclopentane, 1,2-dimethyl-, (1R,2R)-rel-",C[C@H]1[C@H](C)CCC1,81.61499086,76.83966868,41.4783488,32526.66329,43170.54579,14.9986266,0.753445728,367.9951537
21,"cis-1,2-Dimethylcyclopentane",C[C@@H]1[C@H](C)CCC1,81.61499086,76.83966868,41.4783488,32526.66329,43170.54579,14.9986266,0.753445728,367.9951537
22,"1,1-Dimethylcyclopentane",CC1(C)CCCC1,94.42796295,87.96040578,34.92615507,33067.19171,43810.64979,14.28220033,0.754775194,369.2444652
23,Ethylcyclopentane,CCC1CCCC1,63.29467,63.53888546,35.1180193,33675.40881,43541.2851,8.359703964,0.773413296,374.4534175
24,"trans-1,3-Dimethylcyclopentane",C[C@H]1C[C@H](C)CC1,83.05074247,75.27397442,39.54618053,32813.31463,43307.50497,16.18726677,0.757681946,364.757799
25,"2,4-Dimethyl-1-pentene",C=C(C)CC(C)C,95.25785393,83.22843504,29.37632952,30443.32968,43623.01993,28.44121848,0.697873043,360.5761028
26,"1,2-Dimethylcyclopentane",CC1C(C)CCC1,81.61499086,76.83966868,41.4783488,32526.66329,43170.54579,14.9986266,0.753445728,367.9951537
27,"1,3-Dimethylcyclopentane",CC1CC(C)CC1,83.05074247,75.27397442,39.54618053,32813.31463,43307.50497,16.18726677,0.757681946,364.757799
28,"cis-1,3-Dimethylcyclopentane",C[C@@H]1C[C@H](C)CC1,83.05074247,75.27397442,39.54618053,32813.31463,43307.50497,16.18726677,0.757681946,364.757799
29,2-Methyl-2-hexene,CC(C)=CCCC,92.96319525,83.97862625,53.59448807,31387.20053,44366.28481,13.1003195,0.707456138,368.2848544
30,3-Methyl-1-hexene,C=CC(C)CCC,84.19171472,73.76550842,35.8383872,30295.53269,43657.81277,22.85204028,0.693931527,360.4651709
31,5-Methylhex-2-ene,CC=CCC(C)C,90.29310161,81.99896164,48.15087682,30673.54059,44067.01407,17.35653611,0.696065781,360.7191119
32,"2,3-Dimethyl-1-pentene",C=C(C)C(C)CC,101.6002323,84.36087623,63.96366413,31914.63678,44110.89177,23.58689264,0.723509217,364.4847044
33,"3,3-Dimethyl-1-pentene",C=CC(C)(C)CC,105.8344516,86.28556012,20.98351657,30397.34548,43641.71257,28.54797336,0.696520455,359.7154094
34,4-Methyl-1-hexene,C=CCC(C)CC,85.70461944,63.03471195,31.90831096,30179.37374,43727.07566,16.59974941,0.690175899,358.6432455
35,3-Ethyl-1-pentene,C=CC(CC)CC,82.04621159,73.24319302,13.50265399,30161.95949,43854.27371,18.88227329,0.68777697,360.9351193
36,2-Methyl-1-hexene,C=C(C)CCCC,87.37798799,77.7227283,22.63675947,31173.75731,44469.05272,15.41418797,0.701021393,368.8531155
37,"3,4-Dimethyl-1-pentene",C=CC(C)C(C)C,98.93742959,81.64132127,44.81229578,29510.52023,42795.98464,31.40644588,0.689562829,354.4305726
38,3-Methylhex-2-ene,CC=C(C)CCC,93.26467398,79.66449116,54.66781839,31548.4788,44450.91991,11.9987195,0.709737366,368.821851
39,"2,3-Dimethyl-2-pentene",CC(C)=C(C)CC,98.61209713,81.21450841,75.1745897,31961.2257,44651.23095,15.10037238,0.715797191,368.2711157
40,"(E)-3,4-Dimethylpent-2-ene",C/C=C(C)/C(C)C,97.13958534,82.19338954,63.34255846,31277.1546,44293.1676,20.10416385,0.706139486,361.785191
41,2-Methylhex-3-ene,CC(C)C=CCC,98.21115961,81.87665886,61.54255181,30497.13842,43835.85796,15.41553002,0.695712137,357.9007628
42,"1,1-Diethylcyclopropane",CCC1(CC)CC1,89.98366165,85.98296054,20.79936584,32692.27436,43957.85432,12.24812676,0.743718611,367.0015801
43,Butylcyclopropane,CCCCC1CC1,49.32314038,48.18943018,34.79938388,33259.69098,43586.92993,8.408779755,0.763065695,372.9501424
44,5-Methyl-1-hexene,C=CCCC(C)C,79.75708101,67.85835558,28.67464364,30148.16743,43857.71266,19.75657884,0.687408567,357.3168995
45,2-Ethyl-3-methylbut-1-ene,C=C(CC)C(C)C,97.75945967,85.25676513,75.41338198,31725.68824,43913.83532,19.74151021,0.722453141,361.5658182
46,4-Methylhex-2-ene,CC=CC(C)CC,99.60953832,87.75106819,46.17368275,30583.17746,43840.98576,16.30643223,0.697593289,361.8039634
47,Isopropylcyclobutane,CC(C1CCC1)C,73.4187744,64.12462202,41.43085214,32397.47002,43213.05243,12.48128135,0.749714917,367.4383221
48,"Butene, ethylmethyl-",C=C(CC)CCC,86.27593413,80.81387298,62.32981518,32160.86428,44248.76802,10.74905148,0.726819428,370.4310188
49,"Cyclobutane, propyl-",CCCC1CCC1,47.06533157,51.18113603,35.48305973,33509.33379,43590.71687,7.020167639,0.768726376,373.9935674
50,"Butane, 2-cyclopropyl-",CC(C1CC1)CC,87.81423383,75.25394922,37.3339357,32739.62841,43435.54271,18.67401926,0.753752028,360.7686136
51,"1,2-Diethylcyclopropane",CCC1C(CC)C1,78.90848436,75.81188016,36.95556822,32491.84383,43380.77647,16.65758779,0.748991753,362.9512537
52,"trans-1,2-Dimethylcyclopentane",C[C@H]1[C@H](C)CCC1,81.61499086,76.83966868,41.4783488,32526.66329,43170.54579,14.9986266,0.753445728,367.9951537
53,2-Ethyl-1-pentene,C=C(CC)CCC,86.27593413,80.81387298,62.32981518,32160.86428,44248.76802,10.74905148,0.726819428,370.4310188
54,1-Isopropyl-2-methylcyclopropane,CC1C(C(C)C)C1,90.78149567,79.94109987,49.01079412,32153.96067,43613.04483,27.62633283,0.73725558,357.7455503
55,1-Methyl-2-propylcyclopropane,CCCC1C(C)C1,78.86156336,71.27469466,43.11998617,32699.1849,43506.53078,16.24830867,0.751592561,364.4105024
56,(2-Methylpropyl)-cyclopropane,CC(C)CC1CC1,79.89005732,70.98722805,37.94726396,32475.08932,43373.44535,16.51136507,0.748732065,363.1670889
57,"(1S,2S)-1,2-Dimethylcyclopentane",C[C@@H]1[C@@H](C)CCC1,81.61499086,76.83966868,41.4783488,32526.66329,43170.54579,14.9986266,0.753445728,367.9951537
58,"(3R)-3,4-Dimethylpent-1-ene",C=C[C@H](C)C(C)C,98.93742959,81.64132127,44.81229578,29510.52023,42795.98464,31.40644588,0.689562829,354.4305726
59,"trans-1,2-Diethyl-cyclopropane",CC[C@H]1[C@H](CC)C1,78.90848436,75.81188016,36.95556822,32491.84383,43380.77647,16.65758779,0.748991753,362.9512537
60,"cis-1,2-Diethylcyclopropane",CC[C@@H]1[C@H](CC)C1,78.90848436,75.81188016,36.95556822,32491.84383,43380.77647,16.65758779,0.748991753,362.9512537
61,cis-1-Methyl-2-isopropylcyclopropane,CC([C@@H]1[C@H](C)C1)C,90.78149567,79.94109987,49.01079412,32153.96067,43613.04483,27.62633283,0.73725558,357.7455503
62,cis-1-Methyl-2-propylcyclopropane,CCC[C@@H]1[C@H](C)C1,78.86156336,71.27469466,43.11998617,32699.1849,43506.53078,16.24830867,0.751592561,364.4105024
63,"(1S,3S)-1,3-Dimethylcyclopentane",C[C@@H]1C[C@@H](C)CC1,83.05074247,75.27397442,39.54618053,32813.31463,43307.50497,16.18726677,0.757681946,364.757799
64,"(3S)-1,3-Dimethylcyclopentane",C[C@@H]1CC(C)CC1,83.05074247,75.27397442,39.54618053,32813.31463,43307.50497,16.18726677,0.757681946,364.757799
65,"(3R)-1,3-Dimethylcyclopentane",C[C@H]1CC(C)CC1,83.05074247,75.27397442,39.54618053,32813.31463,43307.50497,16.18726677,0.757681946,364.757799
66,"1,2,3-Trimethylcyclobutane",CC1C(C)C(C)C1,87.15806513,77.81513561,45.64331819,32123.82097,43480.55852,25.55021509,0.738808839,357.7633724
67,1-Ethyl-1-methylcyclobutane,CC1(CC)CCC1,85.88740281,83.30041391,25.66939328,32848.33427,43920.13095,10.68584989,0.747910663,367.7465334
68,1-Ethyl-2-methylcyclobutane,CC1C(CC)CC1,78.02080152,68.07897674,42.4079955,32844.22182,43458.64732,14.44642276,0.755758033,365.102594
69,1-Ethyl-3-methylcyclobutane,CC1CC(CC)C1,82.99699239,66.22782844,37.00899378,32893.95941,43378.50871,15.71292072,0.758300836,361.374251
70,"(1S)-1,2-Dimethylcyclopentane",CC1[C@@H](C)CCC1,81.61499086,76.83966868,41.4783488,32526.66329,43170.54579,14.9986266,0.753445728,367.9951537
71,(S)-4-Methyl-1-hexene,C=CC[C@@H](C)CC,85.70461944,63.03471195,31.90831096,30179.37374,43727.07566,16.59974941,0.690175899,358.6432455
72,"(3S)-2,3-Dimethylpent-1-ene",C=C(C)[C@@H](C)CC,101.6002323,84.36087623,63.96366413,31914.63678,44110.89177,23.58689264,0.723509217,364.4847044
73,(R)-3-Methyl-1-hexene,C=C[C@H](C)CCC,84.19171472,73.76550842,35.8383872,30295.53269,43657.81277,22.85204028,0.693931527,360.4651709
74,(4S)-4-Methylhex-2-ene,CC=C[C@@H](C)CC,99.60953832,87.75106819,46.17368275,30583.17746,43840.98576,16.30643223,0.697593289,361.8039634
75,Toluene,CC1=CC=CC=C1,119.4661573,102.8330704,197.7865627,34772.16337,40461.81388,10.08648835,0.859382218,393.480196
76,Cycloheptatriene,C1=CC=CC=CC1,133.840057,123.016376,145.239349,35026.42432,41231.23559,13.99040434,0.849511877,379.3264075
77,3-Prop-2-enylidenecyclobutene,C=CC=C1C=CC1,132.7409801,126.3210493,134.3919418,37307.0061,41568.22144,15.93255961,0.89748863,385.8587533
78,"3-Methylene-1,4-cyclohexadiene",C=C1C=CCC=C1,123.2366548,145.3896858,154.9915564,37795.39252,41621.14138,15.92592282,0.908081597,379.0704265
79,6-Methylfulvene,CC=C1C=CC=C1,129.8941308,100.611986,125.0018572,35411.40577,41338.87148,17.53546946,0.856612783,387.3841906
80,"5-Methylene-1,3-cyclohexadiene",C=C1C=CC=CC1,137.5083176,127.9298939,136.5174625,37286.18829,41244.22221,15.03499865,0.904034221,388.3540713
81,"1,2,4,5-Hexatetraene, 3-methyl-",C=C=C(C)C=C=C,112.3135723,83.05776571,105.2605312,36655.16022,43804.83121,23.25502257,0.836783506,379.8761343
82,"3,3-Dimethylpenta-1,4-diyne",C#CC(C)(C)C#C,153.9290497,161.2912311,131.3152145,34116.81718,40674.60867,1.176446335,0.838774319,365.1122929
83,5-Methylidenebicyclo[2.2.0]hex-2-ene,C=C1C2C=CC2C1,138.2761833,77.24207533,51.6377848,39974.96498,41286.92115,7.430133855,0.968223444,361.7404084
84,"Anti-tricyclo(3.2.0.0(2,4))hept-6-ene",C12C3CC3C1C=C2,96.67735941,86.37533792,77.02839016,40178.60266,42315.31621,35.44281304,0.949504961,364.6513608
85,"Cyclopropane, 1-ethynyl-1-ethenyl-",C=CC1(C#C)CC1,142.6797432,126.7063528,142.1866142,33834.72056,41511.6505,8.60529636,0.815065654,357.7182848
86,1-Ethynylcyclopentene,C#CC1=CCCC1,119.968166,131.314653,154.5990427,34105.93187,43264.28635,23.56006985,0.788316063,383.7070958
87,"1,6-Heptadiyne",C#CCCCC#C,106.9521887,97.11971163,20.56568664,33852.04564,43797.1658,9.693127729,0.772927769,379.8982518
88,"1,5-Heptadiyne",C#CCCC#CC,127.4029582,100.7890534,121.7144202,35255.93234,43796.80788,4.618020401,0.804988629,397.4676558
89,"1,6-Heptadien-3-yne",C=CC#CCC=C,160.1142502,31.77400307,141.4321074,34529.62287,42587.70817,2.549418575,0.810788473,389.0965847
90,"3-Methylcyclohexa-1,4-diene",CC1C=CCC=C1,102.5123709,91.1616057,100.9451232,33112.24671,41541.42904,0.03,0.797089736,366.5396261
91,"1,5-Heptadien-3-yne",C=CC#CC=CC,156.4236999,125.4628223,223.9468621,33329.02953,42055.54297,6.658103244,0.792500279,403.5364234
92,"Cyclobutene, 2-propenylidene-",C=CC=C1C=CC1,132.7409801,126.3210493,134.3919418,37307.0061,41568.22144,15.93255961,0.89748863,385.8587533
93,4-Ethynylcyclopentene,C#CC1CC=CC1,108.400942,134.295285,86.97933617,32862.39929,41324.0245,23.21761187,0.795237146,365.1263578
94,1-Cycloheptene-4-yne,C1=CCC#CCC1,103.172266,77.37864203,147.9429259,33540.48402,42857.29568,0.259340637,0.782608503,376.8232025
95,"1,3-Cycloheptadiene",C1=CC=CCCC1,110.2962218,100.9834806,95.77280687,35034.16596,42435.20896,9.670993058,0.825591928,375.8978095
96,"2-Methyl-1,3-cyclohexadiene",CC1=CCCC=C1,120.2177519,89.04219824,106.8421865,35669.89298,42926.58581,16.27128786,0.830951083,380.0638187
97,"1-Methyl-1,4-cyclohexadiene",CC1=CCC=CC1,110.9810527,98.8135178,128.2138174,36286.58578,43187.43106,14.02326921,0.840211721,375.6917279
98,"1,3-Cyclopentadiene, 5-ethyl",CCC1C=CC=C1,111.3392167,91.90805913,82.63581969,32971.17143,41807.82374,13.45829813,0.788636396,370.493344
99,"1-Methyl-1,3-cyclohexadiene",CC1=CC=CCC1,119.923643,88.86790979,107.6481995,35696.62152,42943.31676,16.06828668,0.831249755,380.0190266
100,Cyclopentylacetylene,C#CC1CCCC1,124.4646139,130.9468521,75.38888958,31876.93414,42351.01838,8.395315871,0.752684005,372.855999
101,"Hepta-1,3,6-triene",C=CC=CCC=C,130.8650313,101.2636178,88.69188453,34202.63784,43390.2967,9.337660215,0.78825545,382.2342198
102,"1,3-Cyclopentadiene, 5,5-dimethyl-",CC1(C)C=CC=C1,133.9502789,96.63319793,56.38521321,32072.9607,41186.00744,0.03,0.778734398,371.802394
103,"1,2-Dimethylcyclopentadiene",CC1=C(C)CC=C1,122.8277864,81.54445813,117.5382628,36073.16458,43295.29967,19.0725901,0.833188934,382.3480043
104,"1,4-Cycloheptadiene",C1=CCC=CCC1,101.7089912,111.5219064,115.4355314,35651.6866,42661.58209,4.769968112,0.835685993,371.2581905
105,"Cyclohexene, 4-methylene-",C=C1CC=CCC1,122.818423,114.5038899,114.710645,37911.38566,42769.49395,17.4586883,0.886411836,377.6706161
106,3-Ethylpent-3-en-1-yne,C#CC(CC)=CC,113.901534,135.9583489,146.4760985,33223.49921,43615.19899,10.6272219,0.761741319,383.8497436
107,"Hepta-1,3,5-triene",C=CC=CC=CC,129.2908731,104.7771325,88.79449572,33458.42423,42548.67065,6.328724259,0.786356512,393.567648
108,"5-Methyl-1,3-cyclohexadiene",CC1C=CC=CC1,116.2467515,92.4735248,94.21595782,33468.75395,41884.94858,18.63190822,0.799063986,372.7602927
109,"Cyclopentane,1,2-bis(methylene)-",C=C(CCC1)C1=C,140.6104689,106.5182016,107.4719449,39672.66722,42473.39477,16.05979053,0.934059249,382.4679091
110,3-Ethylidenecyclopentene,CC=C1C=CCC1,118.5873189,85.52686568,105.8531284,35617.10844,42903.95792,16.4451359,0.830159038,379.5814289
111,2-Methyl-1-hexen-3-yne,C=C(C)C#CCC,122.5492224,99.18080061,205.3249899,32035.59537,42643.56291,3.073482977,0.751241059,386.5076123
112,"1,4-Pentadiene, 3-ethenyl-",C=CC(C=C)C=C,158.4124088,42.92298851,52.96074585,32440.22605,40488.03319,14.04787926,0.801229981,356.1456356
113,"1,2,4-Pentatriene, 3,4-dimethyl-",C=C=C(C)C(C)=C,103.4228674,97.48628801,125.0906011,35691.09765,44705.22941,20.36218646,0.798365161,377.4993339
114,"1,3,5-Hexatriene, 2-methyl-, (Z)-",C=C(C)/C=C\C=C,136.7106185,122.1477128,127.6143646,34524.98851,42323.85842,10.72727952,0.815733485,389.9017784
115,"Cyclopropane, (1-methyl-1,2-propadienyl)-",C=C=C(C1CC1)C,117.0093322,92.3417805,64.69200752,34751.92311,42977.03707,44.84555945,0.808616077,368.7714775
116,"Cyclopropene, 3-methyl-3-isopropenyl-",C=C(C1(C)C=C1)C,136.9302096,87.07847269,52.78711852,34000.67905,42046.14135,0.03,0.80865159,373.3499823
117,"3-Ethylidene-1,4-pentadiene",C=CC(C=C)=CC,138.7915896,130.4680013,133.4391496,34964.94515,42062.60012,9.318464118,0.831259719,389.9647831
118,3-Methylenecyclohexene,C=C1C=CCCC1,132.3257759,101.9446,98.81471279,37102.58633,42500.60716,18.35392093,0.87298956,382.4547052
119,1-Hepten-3-yne,C=CC#CCCC,113.5950645,64.59292332,178.051906,31394.9606,42547.97645,3.366411651,0.737872003,383.116483
120,"1,4-Cyclohexadiene, 6-methyl",CC1C=CCC=C1,102.5123709,91.1616057,100.9451232,33112.24671,41541.42904,0.03,0.797089736,366.5396261
121,Ethylcyclopentadiene,CCC1=CC=CC1,118.6876936,95.26413881,106.0033534,34609.94243,42603.38204,12.89148174,0.812375468,382.3750957
122,"1,3-Cyclopentadiene, 2-ethyl",CCC1=CCC=C1,116.8830449,99.44367088,116.0979765,35706.15989,42985.97517,13.97914832,0.830646734,377.0749709
123,1-Hepten-6-yne,C=CCCCC#C,80.76228594,78.58351996,56.58382645,33703.69461,44443.30185,10.08268657,0.758352625,367.1325175
124,3-Hepten-1-yne,C#CC=CCCC,131.1950497,110.6238062,109.4718936,32491.45069,43208.48639,7.346627546,0.751969194,384.2656754
125,3-Vinyl-1-cyclopentene,C=CC1C=CCC1,100.3041634,74.99574656,70.86497896,33433.52303,41957.787,23.78745038,0.796837141,368.9237232
126,"Cyclopentane, 1,3-bis(methylene)-",C=C(CC1)CC1=C,130.0114816,128.8309001,122.201957,40792.78993,42778.29347,15.36507387,0.953586191,377.6258525
127,"(1S,2S)-1,2-Bis(ethenyl)cyclopropane",C=C[C@H]1[C@H](C=C)C1,77.71684959,75.139689,49.90299417,32128.24184,41111.02177,38.67474609,0.781499473,357.912283
128,"1,3,6-Heptatriene",C=CC=CCC=C,130.8650313,101.2636178,88.69188453,34202.63784,43390.2967,9.337660215,0.78825545,382.2342198
129,"1,3,5-Heptatriene",C=CC=CC=CC,129.2908731,104.7771325,88.79449572,33458.42423,42548.67065,6.328724259,0.786356512,393.567648
130,"2-Methyl-1,3,5-hexatriene",C=C(C)C=CC=C,136.7106185,122.1477128,127.6143646,34524.98851,42323.85842,10.72727952,0.815733485,389.9017784
131,5-Methylhex-3-en-1-yne,C#CC=CC(C)C,134.961918,138.739239,121.4103997,31842.13945,42434.84375,24.18183966,0.750377205,377.5344986
132,"Cyclobutane, 1-propenylidene-",CC=C=C1CCC1,119.1957169,122.4101329,51.26890719,36312.37029,44394.22656,14.76419155,0.817952538,375.7509581
133,"1,3-Dimethylcyclopentadiene",CC1=CCC(C)=C1,122.6989632,84.39787876,117.3621738,36058.05836,43288.70591,19.10034626,0.832966881,382.3621686
134,1-Ethenylcyclopent-1-ene,C=CC1=CCCC1,132.8948762,97.96707828,88.20477121,37193.59264,42572.61472,15.42616363,0.873650653,384.1467442
135,4-Methylcyclohexene,CC1CC=CCC1,98.50812176,76.53539363,60.65822765,34487.01073,43395.38215,16.29466952,0.794716143,367.7817818
136,3-Methylcyclohexene,CC1C=CCCC1,98.96452769,76.93473934,59.92046939,34476.23347,43387.25113,16.38628975,0.794616681,367.777565
137,1-Methylcyclohexene,CC1=CCCCC1,104.2821366,81.73417301,77.69403413,35001.10458,42896.23671,10.76082106,0.815948141,375.0291734
138,1-Heptyne,C#CCCCCC,83.03944818,76.88152123,25.17377564,32129.61126,44467.96029,8.409833023,0.722533956,368.2261921
139,Cycloheptene,C1=CCCCCC1,108.1296853,91.24560138,54.56842603,35302.75972,42576.62129,10.04549665,0.829158319,372.3532573
140,2-Heptyne,CC#CCCCC,69.02266099,123.2161057,31.6331179,32947.70599,45438.03914,7.170095312,0.725112848,373.5346288
141,Methylenecyclohexane,C=C1CCCCC1,125.1909014,97.3836171,65.23012638,37570.22404,42371.52298,11.99113123,0.886685712,376.3221455
142,"1,6-Heptadiene",C=CCCCC=C,52.35837136,57.48924997,43.93469197,32154.57302,44695.21573,18.18397447,0.719418678,364.8882417
143,"2-Methyl-1,5-hexadiene",C=C(C)CCC=C,82.65311135,97.94704552,57.10700452,33242.64719,44850.40316,16.80907787,0.741189484,365.0448252
144,But-2-en-2-ylcyclopropane,CC(C1CC1)=CC,101.5117411,73.66212399,69.2562922,34235.84181,43829.47485,17.09231573,0.781114579,369.0068308
145,"2,4-Dimethyl-1,3-pentadiene",C=C(C)C=C(C)C,106.7469416,106.6759622,116.0025495,33268.62646,43947.16562,19.82699633,0.757014155,378.6383654
146,Tetramethylallene,CC(C)=C=C(C)C,105.5196803,97.65908556,50.03890553,33247.49902,45640.72506,12.47249941,0.728461237,369.4259868
147,"5-Methyl-1,4-hexadiene",C=CCC=C(C)C,96.73698884,97.12054995,61.51257503,32539.77878,44517.90145,21.17787474,0.730936943,370.9038124
148,"1,2-Dimethylcyclopentene",CC1=C(C)CCC1,99.47212723,77.60161871,93.40592205,34381.22024,43119.15454,9.519702344,0.797353766,375.3186779
149,Ethylidenecyclopentane,CC=C1CCCC1,102.3423145,80.70306454,76.77160076,34939.59946,42749.59381,10.53565387,0.817308338,373.5580356
150,"1,2-Heptadiene",C=C=CCCCC,72.61383061,46.53364902,41.18148218,32185.18935,44682.53963,12.85058161,0.720307968,369.8654334
151,Vinylcyclopentane,C=CC1CCCC1,92.64769836,78.81908283,39.27275355,32712.71579,42161.33502,20.99081641,0.775893737,364.3208962
152,3-Ethylcyclopentene,CCC1C=CCC1,101.00505,74.21535277,54.57990722,34319.7,43435.53544,16.13095369,0.790129549,367.595629
153,"1,5-Dimethylcyclopentene",CC1CCC=C1C,98.81450632,75.81898657,75.49396006,34212.89473,43741.26702,16.67323411,0.782165151,372.1471192
154,"4,4-Dimethylcyclopentene",CC1(C)CC=CC1,97.95756314,87.60454701,60.05617113,32731.28362,43047.88011,15.7518058,0.760346004,367.5336128
155,"1,4-Dimethylcyclopentene",CC1CC=C(C)C1,97.80447855,77.96610937,76.35278654,34215.54678,43750.05972,16.60108979,0.782068573,372.1254181
156,"trans-3,4-Dimethylcyclopentene",C[C@@H]1[C@@H](C)C=CC1,93.80515832,77.39414297,65.04457724,32684.95192,42665.3495,23.09608914,0.76607721,363.9612383
157,"3,3-Dimethylcyclopentene",CC1(C)C=CCC1,100.3662382,85.81031116,64.63341845,33032.96155,43158.19466,18.88120883,0.765392571,369.3522025
158,Dicyclopropylmethane,C1(CC2CC2)CC1,30.69957035,-26.93325382,21.4854473,31600.68649,42268.70588,3.258142735,0.747614242,400.9166243
159,"2,4-Hexadiene, 3-methyl-, (Z,Z)-",C/C=C(C)\C=C/C,102.9985168,86.11022823,85.39245077,32329.04959,43727.59622,11.34704096,0.739328305,377.624633
160,"Hepta-2,4-diene",CC=CC=CCC,99.14920293,93.58917917,77.25777445,31728.99527,43647.31304,10.59944935,0.726940402,373.104274
161,"2,3-Dimethyl-1,4-pentadiene",C=C(C)C(C)C=C,106.3692202,89.66735773,75.87478287,31855.51208,43028.93177,23.56552775,0.740327746,370.6449737
162,"4,4-Dimethyl-2-pentyne",CC#CC(C)(C)C,142.7350298,145.2000259,126.0125896,32174.845,44285.23698,5.662205699,0.726536588,363.6867643
163,"1,4-Pentadiene, 3,3-dimethyl-",C=CC(C)(C)C=C,171.5562539,95.22431382,53.9595992,30549.16745,41916.53042,22.61011822,0.728809545,357.7847076
164,"4-Methylhexa-1,4-diene",C=CCC(C)=CC,96.99259105,92.03685208,60.11754194,32989.07834,44757.14119,15.54280679,0.737068487,372.3166044
165,"Hepta-1,5-diene",C=CCCC=CC,72.6909244,66.44455349,58.07884377,32386.52758,44817.06937,13.756789,0.722638228,368.4749075
166,"3-Methyl-1,5-hexadiene",C=CC(C)CC=C,95.36747478,76.04703975,55.06803241,30930.74818,42539.72113,24.6001118,0.727102749,359.7980498
167,"2,3-Dimethylpenta-1,3-diene",C=C(C)C(C)=CC,108.5194998,91.75184636,108.9039805,33445.48418,43897.35458,14.60283908,0.761902044,380.3013873
168,1-Ethyl-1-cyclopentene,CCC1=CCCC1,100.0388349,81.04114436,67.90715501,34794.46818,43193.82162,9.766695154,0.805542711,376.7354157
169,5-Methyl-1-hexyne,C#CCCC(C)C,106.1095849,90.83340853,23.16949771,31206.60994,43517.41414,9.527163514,0.717106256,366.2576644
170,"Hepta-1,3-diene",C=CC=CCCC,106.9109559,82.33688828,76.36173788,32153.86196,43151.73023,10.25859487,0.745134941,383.3570592
171,"Cyclopropane, 1-methyl-1-isopropenyl-",C=C(C1(C)CC1)C,126.9311414,99.08604919,71.6947447,34662.49769,43640.33678,31.68123832,0.794276585,370.2811258
172,"2,4-Dimethyl-1,4-pentadiene",C=C(C)CC(C)=C,106.2495711,118.3216001,100.7560624,33955.08053,43667.90036,12.51175506,0.777575295,380.5910159
173,"1,3-Hexadiene, 4-methyl-",C=CC=C(C)CC,107.5570788,103.680281,92.46337943,32748.67535,43615.02504,12.48477734,0.750857653,378.0431426
174,"Cyclopropane, (1-ethylvinyl)-",C=C(C1CC1)CC,117.6433519,87.05692504,65.99058452,35923.66812,43578.41315,23.27278699,0.824345485,369.1448366
175,"1,3-Butadiene, 2-ethyl-3-methyl-",C=C(CC)C(C)=C,104.1141751,112.9992007,129.7038946,34717.78237,44125.82371,11.7302104,0.786790579,372.4026321
176,4-Methyl-2-hexyne,CC#CC(C)CC,109.5250604,156.3398935,22.22062514,32319.90959,43617.25665,4.361070452,0.74098905,371.0368477
177,Tetramethylcyclopropene,CC1=C(C)C1(C)C,87.87520797,111.2274343,44.42726225,32762.39863,43168.72053,0.03,0.758938375,376.5745834
178,"5-Methylhexa-1,3-diene",C=CC=CC(C)C,127.5291329,94.47195189,86.51385189,31355.96718,42879.93729,18.33979256,0.731250304,373.8643349
179,3-Methyl-1-hexyne,C#CC(C)CCC,111.6630689,116.5852751,46.66047135,31363.48355,43033.39147,12.91988447,0.728817378,366.6601551
180,"2-Hexyne, 5-methyl-",CC#CCC(C)C,113.4006888,120.7527118,46.28564018,32061.14117,43828.19972,4.885723531,0.731518551,371.1477758
181,"5-Methylhexa-2,3-diene",CC=C=CC(C)C,88.32465217,95.03560311,19.97023999,31299.76764,43576.56758,20.77486362,0.718270607,363.2581786
182,Tert-Butylallene,C=C=CC(C)(C)C,127.9040905,102.0506878,77.80465383,30761.58648,42515.14949,22.72506488,0.723544121,358.9423392
183,"3,3-Dimethyl-1-pentyne",C#CC(C)(C)CC,134.4606841,131.950099,54.1732284,31832.51017,43242.50963,12.22594045,0.736139286,359.1935555
184,"1-Pentyne, 4,4-dimethyl-",C#CCC(C)(C)C,129.0774684,98.40441301,33.07098748,31756.35823,42928.76369,20.80589795,0.739745464,374.8737746
185,"Cyclobutane, (1-methylethylidene)-",CC(C)=C1CCC1,94.27816676,76.89246109,96.91622688,34523.01567,43169.84907,8.681946358,0.799702024,375.6369954
186,"Hepta-2,5-diene",CC=CCC=CC,90.43082347,88.54925458,83.57772295,31478.11964,43771.09619,9.957521766,0.719153103,370.9615943
187,1-Methyl-1-prop-1-enylcyclopropane,CC=CC1(C)CC1,104.8286038,80.79726832,57.3224152,33214.46857,43424.23988,12.25491929,0.764883131,366.3891531
188,"1-Pentyne, 3-ethyl-",C#CC(CC)CC,102.3561751,116.6214242,41.37317323,31076.40551,43315.06907,16.12812914,0.717450212,367.0574598
189,"2,4-Hexadiene, 2-methyl-, (E)-",CC(C)=C/C=C/C,102.7168007,89.27127049,86.47229387,32174.49521,43701.09566,12.5943598,0.736240012,376.7626383
190,4-Ethylcyclopentene,CCC1CC=CC1,97.70757951,80.37509799,51.3964455,33810.31393,43174.73935,14.80575849,0.783104066,367.6578111
191,"Hepta-1,4-diene",C=CCC=CCC,95.60466374,71.18896406,59.09128732,32019.32634,44347.33667,14.14389687,0.722012386,365.9571575
192,"3,5-Dimethylcyclopentene",CC1CC(C)C=C1,91.61580219,81.31792904,59.43993865,32368.79743,42538.67536,20.30224875,0.760926314,361.9814487
193,3-Butenylcyclopropane,C=CCCC1CC1,84.85289469,76.45929409,37.3172485,33140.57475,42965.55268,16.3867405,0.771328953,366.2252781
194,"Cyclopentane, 1-methyl-3-methylene",C=C1CC(C)CC1,117.8114087,90.20810735,73.77990651,36580.66253,43628.20929,21.94777933,0.838463534,370.4700236
195,1-Ethenyl-2-ethylcyclopropane,CCC1C(C=C)C1,88.54919965,67.5689671,55.70124841,31400.16049,41726.60157,36.02596648,0.752521397,358.2674033
196,1-Methyl-2-prop-1-enylcyclopropane,CC=CC1C(C)C1,89.33728629,73.30949195,60.08550529,33017.33365,43053.24242,19.65170851,0.766895402,361.4300633
197,1-Allyl-2-methylcyclopropane,CC1C(CC=C)C1,85.15724018,72.64567788,49.3824929,32103.5114,42417.24381,32.63993384,0.756850481,359.4643459
198,But-1-enylcyclopropane,CCC=CC1CC1,100.1559525,75.43415408,48.01974219,34019.88074,43354.06233,15.33927323,0.784698801,366.5943221
199,But-2-enylcyclopropane,CC=CCC1CC1,99.74046573,70.91392877,48.56660178,34287.42003,43389.35625,12.64788057,0.790226521,365.5880693
200,"1-Hexyne, 4-methyl",C#CCC(C)CC,110.7983599,117.8892745,42.52172241,31381.02805,43032.09288,12.39720434,0.729247079,366.456617
201,"1-Pentyne, 3,4-dimethyl-",C#CC(C)C(C)C,115.1406788,127.0938049,70.85737133,30982.71486,42299.17607,25.18833356,0.732466155,361.8506908
202,"2-Methyl-2,3-hexadiene",CC(C)=C=CCC,93.99573423,96.52441155,55.807265,33007.05146,45487.56254,12.82686192,0.725628053,366.1922236
203,1-Ethyl-3-methylenecyclobutane,C=C1CC(CC)C1,108.9992521,87.97294658,67.63185446,35805.02365,43414.55064,16.11299683,0.824724041,369.7629274
204,"5-Methyl-1,2-hexadiene",C=C=CCC(C)C,91.24574611,74.40972387,47.6606804,31228.7402,43499.04094,23.92249739,0.717917902,360.8272006
205,"1,4-Hexadiene, 2-methyl-, (E)-",C=C(C)C/C=C/C,99.73339973,104.3759226,85.27239559,32918.36211,43628.63677,12.04669422,0.754512736,379.7488227
206,"1,1,2-Trimethyl-3-methylenecyclopropane",C=C1C(C)C1(C)C,108.4435887,93.77452838,86.12233179,33141.3301,42583.14726,40.02233014,0.778273384,369.413436
207,"1,1-Dimethyl-3-methylenecyclobutane",C=C1CC(C)(C)C1,109.7147546,94.38202558,71.99842062,34325.27785,43335.76743,25.42496343,0.792077304,371.093377
208,"3,4-Heptadiene",CCC=C=CCC,74.79395728,55.56232972,47.25014922,31869.623,44996.00744,11.85762737,0.708276685,360.4095312
209,"Cyclopentane, 1-methyl-2-methylene-",C=C1C(C)CCC1,118.7201781,90.67277885,72.92066552,36570.08417,43614.13945,22.31340874,0.838491476,370.4702098
210,cis-2-Butenyl-cyclopropane,C/C=C\CC1CC1,99.74046573,70.91392877,48.56660178,34287.42003,43389.35625,12.64788057,0.790226521,365.5880693
211,"1,3-Dimethylcyclopentene",CC1C=C(C)CC1,98.30116346,77.8723413,75.57352977,34200.83521,43737.8732,16.73879495,0.78195012,372.1143108
212,"5-Methyl-1,3-hexadiene",C=CC=CC(C)C,127.5291329,94.47195189,86.51385189,31355.96718,42879.93729,18.33979256,0.731250304,373.8643349
213,1-(1-Propenyl)-2-methylcyclopropane,CC1C(C=CC)C1,89.33728629,73.30949195,60.08550529,33017.33365,43053.24242,19.65170851,0.766895402,361.4300633
214,cis-1-Butenyl-cyclopropane,CC/C=C\C1CC1,100.1559525,75.43415408,48.01974219,34019.88074,43354.06233,15.33927323,0.784698801,366.5943221
215,trans-1-Butenyl-cyclopropane,CC/C=C/C1CC1,100.1559525,75.43415408,48.01974219,34019.88074,43354.06233,15.33927323,0.784698801,366.5943221
216,2-Cyclopropyl-2-butene,CC(C1CC1)=CC,101.5117411,73.66212399,69.2562922,34235.84181,43829.47485,17.09231573,0.781114579,369.0068308
217,"1,5-Heptadiene",C=CCCC=CC,72.6909244,66.44455349,58.07884377,32386.52758,44817.06937,13.756789,0.722638228,368.4749075
218,"1,5-Heptadiene, (Z)-",C=CCC/C=C\C,72.6909244,66.44455349,58.07884377,32386.52758,44817.06937,13.756789,0.722638228,368.4749075
219,"2-Methyl-1,4-hexadiene",C=C(C)CC=CC,99.73339973,104.3759226,85.27239559,32918.36211,43628.63677,12.04669422,0.754512736,379.7488227
220,"4-Methyl-1,4-hexadiene",C=CCC(C)=CC,96.99259105,92.03685208,60.11754194,32989.07834,44757.14119,15.54280679,0.737068487,372.3166044
221,"2,5-Heptadiene, (E,E)-",C/C=C/C/C=C/C,90.43082347,88.54925458,83.57772295,31478.11964,43771.09619,9.957521766,0.719153103,370.9615943
222,"2,4-Heptadiene",CC=CC=CCC,99.14920293,93.58917917,77.25777445,31728.99527,43647.31304,10.59944935,0.726940402,373.104274
223,"1,4-Heptadiene",C=CCC=CCC,95.60466374,71.18896406,59.09128732,32019.32634,44347.33667,14.14389687,0.722012386,365.9571575
224,"2-Methyl-2,4-hexadiene",CC(C)=CC=CC,102.7168007,89.27127049,86.47229387,32174.49521,43701.09566,12.5943598,0.736240012,376.7626383
225,"3-Methyl-2,4-hexadiene",CC=C(C)C=CC,102.9985168,86.11022823,85.39245077,32329.04959,43727.59622,11.34704096,0.739328305,377.624633
226,"2,3-Dimethyl-1,3-pentadiene",C=C(C)C(C)=CC,108.5194998,91.75184636,108.9039805,33445.48418,43897.35458,14.60283908,0.761902044,380.3013873
227,"1,3-Heptadiene",C=CC=CCCC,106.9109559,82.33688828,76.36173788,32153.86196,43151.73023,10.25859487,0.745134941,383.3570592
228,1-Methyl-1-[(E)-1-propenyl]cyclopropane,C/C=C/C1(C)CC1,104.8286038,80.79726832,57.3224152,33214.46857,43424.23988,12.25491929,0.764883131,366.3891531
229,"(E)-1,3-Hexadiene, 4-methyl-",C=C/C=C(C)/CC,107.5570788,103.680281,92.46337943,32748.67535,43615.02504,12.48477734,0.750857653,378.0431426
230,"Cyclopropane, (1-methylpropenyl)-",CC=C(C1CC1)C,101.5117411,73.66212399,69.2562922,34235.84181,43829.47485,17.09231573,0.781114579,369.0068308
231,"2,4-Heptadiene, (E,Z)",C/C=C/C=C\CC,99.14920293,93.58917917,77.25777445,31728.99527,43647.31304,10.59944935,0.726940402,373.104274
232,1-Methyl-cis-2-(1-cis-propenyl)-cyclopropane,CC=C[C@@H]1[C@H](C)C1,89.33728629,73.30949195,60.08550529,33017.33365,43053.24242,19.65170851,0.766895402,361.4300633
233,1-Methyl-cis-2-(1-trans-propenyl)-cyclopropane,C/C=C\[C@H]1[C@H](C)C1,89.33728629,73.30949195,60.08550529,33017.33365,43053.24242,19.65170851,0.766895402,361.4300633
234,1-Methyl-trans-2-(1-cis-propenyl)-cyclopropane,C/C=C/[C@@H]1[C@H](C)C1,89.33728629,73.30949195,60.08550529,33017.33365,43053.24242,19.65170851,0.766895402,361.4300633
235,1-Methyl-trans-2-(1-trans-propenyl)-cyclopropane,CC=C[C@H]1[C@H](C)C1,89.33728629,73.30949195,60.08550529,33017.33365,43053.24242,19.65170851,0.766895402,361.4300633
236,"1,3-Heptadiene, cis",C=C/C=C\CCC,106.9109559,82.33688828,76.36173788,32153.86196,43151.73023,10.25859487,0.745134941,383.3570592
237,"1,4-Heptadiene, cis",C=CC/C=C\CC,95.60466374,71.18896406,59.09128732,32019.32634,44347.33667,14.14389687,0.722012386,365.9571575
238,"2,4-Heptadiene, (Z,Z)",C/C=C\C=C/CC,99.14920293,93.58917917,77.25777445,31728.99527,43647.31304,10.59944935,0.726940402,373.104274
239,"cis-2,cis-5-Heptadiene",C/C=C\C/C=C\C,90.43082347,88.54925458,83.57772295,31478.11964,43771.09619,9.957521766,0.719153103,370.9615943
240,"2,4-Heptadiene, (Z,E)",C/C=C\C=C\CC,99.14920293,93.58917917,77.25777445,31728.99527,43647.31304,10.59944935,0.726940402,373.104274
241,"2,5-Heptadiene, (E,Z)",C/C=C/C/C=C\C,90.43082347,88.54925458,83.57772295,31478.11964,43771.09619,9.957521766,0.719153103,370.9615943
242,"3,4-Dimethylpenta-1,3-diene",C=CC(C)=C(C)C,111.7376053,83.37644455,102.52411,33031.33097,43746.49566,19.39152571,0.75506233,383.280097
243,1-Heptanol,CCCCCCCO,50.29772372,62.26116571,59.42754681,29345.97736,36431.58347,1.605692703,0.805509247,440.801913
244,2-Heptanol,CC(O)CCCCC,76.14473086,68.93473616,41.15368185,29815.8466,37093.40994,1.188833433,0.803804413,433.4899514
245,4-Heptanol,CCCC(O)CCC,93.42756204,0.689293403,53.45084431,29586.36253,36567.42125,1.303404107,0.809090757,432.7226569
246,3-Heptanol,CCC(O)CCCC,73.87723904,31.30044806,47.11963788,30296.80457,37395.506,1.138971906,0.810172339,431.9577429
247,"2,3,3-Trimethyl-2-butanol",CC(O)(C)C(C)(C)C,142.111958,133.8691949,64.9317473,29636.84159,35887.34515,3.400485225,0.82582987,410.7436415
248,"2,3-Dimethyl-3-pentanol",CC(C)C(O)(C)CC,100.6711056,97.03732846,73.82762313,30193.82899,36341.51358,1.887627176,0.830835758,424.7314399
249,3-Ethyl-3-pentanol,CCC(O)(CC)CC,110.4810724,83.20188768,22.46379791,30848.01817,37488.08344,1.747974725,0.822875307,424.0871244
250,3-Methyl-3-hexanol,CCC(O)(C)CCC,98.69018473,97.91559856,42.38223888,30904.12118,37297.94841,1.453714504,0.828574291,419.4333143
251,"2,4-Dimethyl-3-pentanol",CC(C)C(O)C(C)C,113.8668722,127.9370083,34.63000265,30010.73814,36382.22068,2.889950676,0.824873732,433.0020112
252,4-Methylhexan-3-ol,CCC(O)C(C)CC,116.000718,96.98581667,46.41574047,30141.35891,37312.70182,1.575008643,0.807804245,427.9335948
253,2-Methyl-3-hexanol,CC(C)C(O)CCC,101.3266728,88.49121516,45.48434392,30454.13909,37561.69254,1.574027241,0.810776539,429.2917535
254,5-Methyl-3-hexanol,CCC(O)CC(C)C,109.2448959,92.0459239,52.38434914,30357.55576,37518.75855,1.515054353,0.809130071,427.3029609
255,"2,4-Dimethyl-2-pentanol",CC(O)(C)CC(C)C,78.25460179,124.3604054,60.63586284,30282.42243,36811.50791,2.487717815,0.822634664,417.141601
256,2-Methyl-2-hexanol,CC(O)(C)CCCC,93.58353613,83.98221168,66.64285957,30306.61746,37596.72354,1.56873872,0.806097303,418.7799654
257,5-Methyl-2-hexanol,CC(O)CCC(C)C,110.0411837,86.2075003,60.62681473,29814.04859,37354.15984,1.17934986,0.79814534,427.807822
258,5-Methyl-1-hexanol,CC(C)CCCCO,100.4454187,78.6493912,73.51937132,30229.88452,37499.21944,1.252826354,0.806147034,436.6762841
259,2-Ethoxy-2-methylbutane,CC(C)(OCC)CC,95.70005109,98.70565215,52.46487594,28416.70019,37739.10623,2.547220666,0.752977562,374.7826081
260,3-Methyl-2-hexanol,CC(O)C(C)CCC,110.831904,95.87135056,47.90175021,30219.88536,37434.80735,1.412400201,0.80726702,425.6953948
261,"2,2-Dimethyl-1-pentanol",CCCC(C)(C)CO,137.333872,75.01704318,69.855875,30197.58185,37203.83194,1.420837301,0.811679342,434.0220788
262,"4,4-Dimethyl-1-pentanol",CC(C)(C)CCCO,130.2903865,93.9692106,122.9202948,30339.29323,37543.92011,1.688525982,0.808101369,434.2037086
263,"2,2-Dimethyl-3-pentanol",CC(C)(C)C(O)CC,104.0899374,90.60514762,46.31745724,30081.035,36379.06491,1.781341918,0.826877631,421.5393477
264,"2,3-Dimethyl-2-pentanol",CC(O)(C)C(C)CC,89.76020415,116.6465982,59.19619628,30086.72336,36449.57787,2.122186009,0.825434069,420.9177027
265,"2,4-Dimethyl-1-pentanol",CC(C)CC(C)CO,118.9026317,85.3068897,75.64764607,30504.16814,37695.78775,0.757806358,0.809219543,434.082584
266,"2,3-Dimethyl-1-pentanol",CCC(C)C(C)CO,120.8945064,81.41715526,60.00950334,30787.36091,38026.46824,0.738987289,0.809629775,430.1365715
267,3-Methyl-1-hexanol,CCCC(C)CCO,101.2535797,81.01945415,61.21498798,30234.48561,37359.26004,1.820034556,0.809290269,435.4562585
268,Tert-Butyl isopropyl ether,CC(OC(C)(C)C)C,100.3714889,104.589335,54.86195649,26605.35946,35360.71484,7.976403295,0.752398801,356.4151561
269,Sec-butyl isopropyl ether,CC(OC(C)CC)C,52.39303176,71.41843039,63.18748225,25543.82297,33454.03427,6.008304664,0.763549854,357.8819181
270,3-Ethoxypentane,CCC(OCC)CC,52.21244128,58.60839444,50.11812318,28941.61648,38069.41576,4.208418901,0.760232746,383.1063241
271,2-Methylhexan-1-ol,CCCCC(C)CO,97.00311618,79.72153773,55.11503605,30268.76482,37354.78615,1.454418051,0.810304862,431.6589363
272,1-Methoxyhexane,CCCCCCOC,21.68388009,60.14053864,39.26210364,27949.29439,36162.19068,2.112035517,0.772887203,402.5527702
273,"2-Pentanol, 3-ethyl-",CC(O)C(CC)CC,114.4819432,97.198323,47.58572728,30234.44979,37383.62099,1.606849644,0.808761939,427.774906
274,1-Ethoxypentane,CCCCCOCC,13.94542509,63.70450619,33.99327639,27772.09336,36730.8036,2.334635491,0.756098169,397.5777769
275,2-Ethyl-2-methylbutan-1-ol,CCC(C)(CC)CO,139.6862925,91.72463105,70.76823094,29978.22809,37221.55892,1.34632981,0.805399585,431.4950919
276,4-Methyl-1-hexanol,CCC(C)CCCO,96.30123818,77.28277386,74.58438477,30415.58372,37678.00903,1.075696903,0.80725029,436.0891686
277,2-Ethoxypentane,CC(OCC)CCC,58.05902969,73.0286715,39.63315628,28377.3041,37516.33514,4.538989556,0.756398619,379.0358145
278,"4,4-Dimethyl-2-pentanol",CC(O)CC(C)(C)C,142.085725,104.7182267,60.90149304,29817.13679,37067.15631,1.413224607,0.804408532,418.517992
279,"3,4-Dimethyl-1-pentanol",CC(C)C(C)CCO,109.2223388,71.80233597,68.69032653,30887.65309,37979.11249,0.03,0.813280013,434.6218476
280,1-Ethoxy-3-methylbutane,CC(C)CCOCC,70.59590408,90.6938332,43.32194642,28540.51634,37725.42579,2.524255714,0.75653265,393.1166322
281,4-Methyl-2-hexanol,CC(O)CC(C)CC,110.5337151,95.98572538,48.69209883,30230.5566,37451.93279,1.454118245,0.807182817,425.4186436
282,2-Ethyl-1-pentanol,CCCC(CC)CO,100.1878271,80.24214504,60.0188901,30265.81361,37359.41117,1.513132284,0.810125552,435.6591798
283,"Butane, 1-(1-methylethoxy)-",CCCCOC(C)C,56.61076174,55.03069156,52.67222502,28249.0884,37392.59883,3.987303865,0.755472721,376.6718257
284,"Butane, 1-propoxy-",CCCCOCCC,34.44977889,59.94176038,40.82070724,28042.0935,37197.6061,2.551040672,0.753868231,395.8868921
285,"Propane, 2-methyl-1-propoxy-",CC(C)COCCC,87.48793987,89.20471737,45.10514973,28378.4009,37256.96362,4.390736123,0.761693873,393.7774217
286,"2,3,3-Trimethylbutanol",CC(C)(C)C(C)CO,165.9794324,87.88520599,67.60432732,30552.66308,37522.17794,1.643060438,0.814256122,426.4258518
287,"3,3-Dimethyl-2-pentanol",CC(O)C(C)(C)CC,129.6659636,102.3315673,46.87697756,29946.52405,37137.30939,1.126916718,0.806373013,419.6042011
288,"3,4-Dimethylpentan-2-ol",CC(O)C(C)C(C)C,125.654959,98.17780702,51.80728756,29954.51645,37077.50271,2.345099196,0.807889266,417.756996
289,2-Ethyl-3-methylbutan-1-ol,CC(C)C(CC)CO,122.7375998,87.18527945,65.10971008,30787.47164,37888.87076,0.628423529,0.812572954,438.9492126
290,"Propane, 2-methyl-2-propoxy-",CC(OCCC)(C)C,101.7153944,108.8517003,62.56940708,27776.37007,36999.50292,2.88986639,0.75072279,373.3204342
291,2-Propoxybutane,CC(OCCC)CC,55.08438482,53.67876101,56.32349873,28736.97536,37780.80598,3.576360302,0.760623672,380.959766
292,"Pentane, 2-methoxy-2-methyl-",CC(C)(OC)CCC,99.38988471,94.90408077,41.63906647,28417.60009,37083.23246,2.4395678,0.766319391,380.3058293
293,3-Methoxyhexane,CCC(OC)CCC,64.81715195,63.14219751,52.30712107,28582.25826,37034.79201,3.877991896,0.771767754,386.234018
294,3-Ethylpentan-1-ol,CCC(CC)CCO,104.9507007,78.09604595,68.77445938,30237.14632,37474.99718,1.183720196,0.80686187,436.8924554
295,(S)-(+)-2-Heptanol,C[C@H](O)CCCCC,76.14473086,68.93473616,41.15368185,29815.8466,37093.40994,1.188833433,0.803804413,433.4899514
296,"3,3-Dimethylpentan-1-ol",CCC(C)(C)CCO,137.2777168,86.87987918,98.9810913,30405.55293,37477.40366,1.67332918,0.811303611,436.9949864
297,1-Methoxy-2-ethylbutane,CCC(CC)COC,89.36150268,70.84193828,36.49469655,28650.70186,37027.15107,2.109294466,0.773775487,403.5092799
298,"1-Methoxy-2,3-dimethylbutane",CC(C)C(C)COC,124.8918033,85.53512076,48.53437775,28532.89509,36967.21412,4.220796184,0.771843261,397.6787488
299,2-Methoxyhexane,CC(OC)CCCC,65.63901284,69.20911853,51.5229352,28408.8194,36801.29702,3.350665447,0.771951581,384.1281599
300,"2,2-Dimethylpropylethyl ether",CC(OC(CC(C)(C)C)C)CC(C)(C)C,66.34337406,135.6039333,183.8714509,30884.99831,37724.37178,0.395089319,0.818701462,492.0589094
301,1-Methoxy-4-methylpentane,CC(C)CCCOC,76.79008421,93.64784655,48.79752237,28778.82572,37345.52629,2.199656181,0.770609724,395.9424313
302,"2-Methoxy-2,3-dimethylbutane",CC(C)(OC)C(C)C,120.0344561,92.52279649,47.66644993,28479.06849,37111.9958,3.393291359,0.767381756,372.3237754
303,"3-Methoxy-2,2-dimethylbutane",CC(C)(C)C(OC)C,137.7007784,97.67208154,52.42197437,28356.11119,36861.98988,4.510771619,0.769250691,378.1179902
304,"1-Methoxy-3,3-dimethylbutane",CC(C)(C)CCOC,143.7312564,109.0690413,68.82075884,28588.3168,36984.50368,4.375863309,0.77298095,398.4325941
305,Isobutylisopropyl ether,CC(OC(C)(CC(C)C)C)(CC(C)C)C,129.7208732,106.5527539,135.0756986,26895.15247,32934.0665,0.571070375,0.816636247,487.2547319
306,Ethyl 3-methylbutyl ether,CC(C)CCOCC,70.59590408,90.6938332,43.32194642,28540.51634,37725.42579,2.524255714,0.75653265,393.1166322
307,3-Methoxy-3-methylpentane,CCC(C)(OC)CC,107.4051403,82.0484107,34.89830572,28293.4849,37121.56586,2.948788976,0.762184575,380.7398944
308,1-Methoxy-3-methylpentane,CCC(C)CCOC,81.32831475,84.47168245,41.43536591,28796.06541,37173.93989,2.11152478,0.77463044,400.0769789
309,2-Methoxy-4-methylpentane,CC(OC)CC(C)C,76.51385236,67.92311409,62.47957955,29102.47801,37918.77932,3.251100869,0.767495118,382.013886
310,"1-Methoxy-2,2-dimethylbutane",CCC(C)(C)COC,130.255435,86.98396779,51.538406,28121.04648,36809.04899,3.786423793,0.763971014,386.9881281
311,3-Methoxy-2-methylpentane,CC(C)C(OC)CC,83.58272499,71.29979376,65.13996408,28634.60281,37176.91343,6.156834998,0.770225394,384.7123966
312,"2,2,3-Trimethylbutan-1-ol",CC(C)C(C)(C)CO,143.7966529,96.2380748,27.94457418,30199.60576,37085.83167,1.311277086,0.81431653,422.474512
313,1-Methoxy-2-methylpentane,CCCC(C)COC,85.82467297,89.24175365,41.15288738,28655.82005,37146.13951,2.273772142,0.771434675,399.5583172
